gene name	old nuc	new nuc	SNP percent	original nuc percent	frequeny of the gene
hisC	T	C	0.48214285714285715	0.35119047619047616	168
hisB	T	C	0.3333333333333333	0.5855855855855856	111
hisB	T	G	0.08108108108108109	0.5855855855855856	111
hisB	T	T	0.5855855855855856	0.5855855855855856	111
hisA	T	T	0.6756756756756757	0.6756756756756757	111
hisD	G	A	0.3670886075949367	0.5379746835443038	158
hisD	G	G	0.5379746835443038	0.5379746835443038	158
hisD	G	T	0.056962025316455694	0.5379746835443038	158
gnd	G	A	0.0	0.0	111
gnd	G	G	0.0	0.0	111
gnd	G	T	0.25225225225225223	0.0	111
ugd	C	A	0.0	0.9117647058823529	34
ugd	C	C	0.9117647058823529	0.9117647058823529	34
ugd	C	G	0.0	0.9117647058823529	34
ugd	C	T	0.08823529411764706	0.9117647058823529	34
wcaJ	C	C	0.0	0.0	3
wcaJ	C	T	0.0	0.0	3
wcaJ	C	C	0.0	0.0	3
wcaJ	C	T	0.0	0.0	3
hisD	G	A	0.45454545454545453	0.5064935064935064	154
hisD	G	C	0.01948051948051948	0.5064935064935064	154
hisD	G	G	0.5064935064935064	0.5064935064935064	154
gnd	A	A	0.0	0.0	111
ugd	G	A	0.058823529411764705	0.7647058823529411	34
ugd	G	C	0.029411764705882353	0.7647058823529411	34
ugd	G	G	0.7647058823529411	0.7647058823529411	34
ugd	G	T	0.14705882352941177	0.7647058823529411	34
gnd	T	C	0.8738738738738738	0.12612612612612611	111
gnd	T	G	0.0	0.12612612612612611	111
gnd	T	T	0.12612612612612611	0.12612612612612611	111
gnd	T	C	0.0	0.8558558558558559	111
gnd	T	G	0.06306306306306306	0.8558558558558559	111
gnd	T	T	0.8558558558558559	0.8558558558558559	111
wcaJ	T	C	1.0	0.0	3
wcaJ	T	T	0.0	0.0	3
gnd	A	A	1.0	1.0	111
gnd	A	G	0.0	1.0	111
gnd	A	G	0.0	1.0	111
ugd	G	A	0.6764705882352942	0.29411764705882354	34
hisG	T	C	0.4393939393939394	0.5606060606060606	132
hisC	A	A	0.26785714285714285	0.26785714285714285	168
hisC	A	G	0.5714285714285714	0.26785714285714285	168
gnd	T	A	0.0	0.7207207207207207	111
gnd	T	C	0.27927927927927926	0.7207207207207207	111
gnd	T	G	0.0	0.7207207207207207	111
gnd	T	T	0.7207207207207207	0.7207207207207207	111
